AccountId,RegistrationDate,CustomerId,PaymentPlanId
5000,2020-03-30,4720,63
5002,2020-06-06,2674,63
5003,2020-02-28,2495,69
5007,2020-02-20,1749,37
5010,2020-09-03,2905,20
5014,2020-02-07,3103,38
5024,2020-10-05,2365,13
5026,2020-07-22,4264,39
5027,2020-07-28,4931,39
5029,2020-08-14,1019,49
5030,2020-07-31,3904,10
5032,2020-03-10,4144,37
5033,2020-08-26,1921,22
5034,2020-08-27,2266,13
5035,2020-11-25,1097,63
5036,2020-09-22,2638,53
5038,2020-03-04,2388,10
5039,2020-10-17,1975,59
5040,2020-10-04,1059,28
5041,2020-12-12,3363,44
5042,2020-04-06,1266,36
5043,2020-02-26,3364,23
5044,2020-02-29,2311,69
5046,2020-05-18,3121,36
5048,2020-04-01,2216,12
5050,2020-06-22,4424,12
5051,2020-04-19,1113,36
5052,2020-09-27,1389,49
5056,2020-08-05,2900,51
5058,2020-11-07,4006,66
5059,2020-02-08,2890,22
5063,2020-07-22,1808,15
5064,2020-05-02,4483,63
5066,2020-12-24,4177,44
5067,2020-07-16,1706,62
5068,2020-10-26,4775,19
5071,2020-05-29,3722,39
5073,2020-10-24,3728,20
5075,2020-05-04,4744,11
5077,2020-01-13,2103,17
5081,2020-09-10,2206,66
5082,2020-08-30,2822,44
5084,2020-09-06,1607,12
5085,2020-04-05,2502,69
5089,2020-05-05,4864,19
5091,2020-09-14,3265,23
5093,2020-09-06,4514,13
5094,2020-09-27,2711,10
5095,2020-09-16,2269,20
5096,2020-08-15,1071,44
5097,2020-02-20,3542,28
5098,2020-02-17,3887,59
5099,2020-01-11,4710,49
5104,2020-02-13,1243,62
5105,2020-07-12,3978,37
5106,2020-12-10,2912,36
5109,2020-10-24,3663,36
5110,2020-08-07,2494,23
5111,2020-08-28,1470,36
5112,2020-01-28,1881,19
5113,2020-07-29,3241,37
5114,2020-02-08,1741,17
5116,2020-03-12,4981,63
5118,2020-05-14,1094,16
5119,2020-10-21,2583,13
5120,2020-06-17,3922,59
5121,2020-01-15,2381,62
5123,2020-04-19,3683,16
5128,2020-08-04,3751,46
5133,2020-06-14,1168,63
5134,2020-01-08,3200,22
5135,2020-08-12,3230,10
5136,2020-12-05,2828,36
5138,2020-10-11,3338,51
5140,2020-07-14,1450,15
5141,2020-02-21,3517,46
5143,2020-06-08,3323,13
5145,2020-03-18,4569,15
5148,2020-11-03,4186,59
5152,2020-07-21,4815,17
5153,2020-08-14,3145,22
5155,2020-11-01,3917,23
5157,2020-01-26,3925,36
5160,2020-01-04,1020,49
5161,2020-10-26,1880,28
5162,2020-09-15,4112,63
5165,2020-12-21,4922,20
5167,2020-11-02,3492,44
5168,2020-12-03,2077,62
5169,2020-10-23,3964,11
5170,2020-03-24,1312,69
5171,2020-09-21,1441,39
5172,2020-03-18,3520,51
5173,2020-08-26,1544,49
5174,2020-02-09,4211,36
5177,2020-08-18,3543,66
5178,2020-03-02,1460,28
5179,2020-11-14,4858,52
5181,2020-04-14,3406,39
5182,2020-10-15,2710,66
5184,2020-12-25,2755,23
5186,2020-08-02,4478,23
5189,2020-06-23,1393,28
5190,2020-11-10,3999,63
5191,2020-12-07,2555,63
5195,2020-04-23,4917,56
5199,2020-04-17,3415,63
5201,2020-03-19,2235,56
5202,2020-04-20,2367,20
5207,2020-06-06,1909,16
5209,2020-09-15,3616,63
5211,2020-11-09,2879,53
5212,2020-11-30,1359,31
5217,2020-07-02,1890,37
5219,2020-10-20,3755,59
5220,2020-02-29,1467,53
5221,2020-07-14,4705,39
5222,2020-02-18,4747,28
5224,2020-08-14,1086,11
5225,2020-06-02,4448,37
5226,2020-10-28,3737,31
5228,2020-11-22,2170,11
5229,2020-08-17,2832,37
5230,2020-05-04,1133,15
5231,2020-05-10,2820,56
5232,2020-02-26,1340,63
5234,2020-09-09,2520,53
5235,2020-04-05,2997,44
5238,2020-10-17,1051,44
5240,2020-06-24,1101,38
5242,2020-01-29,1485,20
5243,2020-11-07,4092,19
5244,2020-12-14,1300,17
5247,2020-03-06,3075,16
5250,2020-05-12,4838,66
5251,2020-11-23,2340,37
5252,2020-08-02,1870,23
5255,2020-04-06,1394,66
5256,2020-12-28,3321,69
5257,2020-03-26,4379,38
5258,2020-08-09,1242,20
5259,2020-07-06,3530,39
5260,2020-04-25,4401,37
5264,2020-12-12,4004,69
5266,2020-05-01,3698,57
5271,2020-10-05,2497,11
5272,2020-05-08,3142,59
5273,2020-12-05,3519,62
5275,2020-12-13,3783,28
5279,2020-09-30,3816,31
5281,2020-10-22,1247,49
5282,2020-01-19,1260,12
5285,2020-11-18,2465,46
5286,2020-05-01,4728,44
5289,2020-07-12,2288,37
5290,2020-09-25,1805,69
5291,2020-06-09,2867,11
5292,2020-12-04,2308,49
5294,2020-03-24,4433,36
5296,2020-06-10,3777,52
5297,2020-08-06,3807,36
5299,2020-12-04,4998,39
5300,2020-08-12,2456,31
5302,2020-08-28,2076,15
5304,2020-08-01,3642,28
5306,2020-07-29,3366,19
5307,2020-09-13,4217,53
5309,2020-05-31,1321,66
5310,2020-12-08,3309,44
5311,2020-04-11,3027,23
5313,2020-04-05,3665,51
5314,2020-01-20,2231,13
5315,2020-08-10,3758,10
5316,2020-11-27,1336,20
5317,2020-04-30,3550,56
5319,2020-04-12,1136,38
5320,2020-12-22,1411,17
5322,2020-11-05,1979,57
5323,2020-07-20,3094,57
5325,2020-01-25,3851,44
5327,2020-08-06,3271,52
5329,2020-11-17,2273,22
5330,2020-07-28,3171,37
5334,2020-04-11,3087,69
5335,2020-03-26,4119,69
5337,2020-11-18,3485,23
5339,2020-08-27,1730,31
5340,2020-11-03,3181,39
5353,2020-09-17,4440,28
5354,2020-04-23,1353,56
5355,2020-09-13,4051,11
5360,2020-09-16,4586,36
5361,2020-09-07,3174,52
5362,2020-08-07,1659,20
5363,2020-02-14,4039,13
5364,2020-11-23,2473,22
5368,2020-12-30,3442,22
5369,2020-03-27,2531,12
5370,2020-09-23,3764,16
5373,2020-11-23,3052,20
5374,2020-08-17,3744,13
5375,2020-05-13,1835,39
5376,2020-12-28,4315,44
5377,2020-10-22,2703,15
5382,2020-07-28,3700,56
5383,2020-07-14,1547,69
5385,2020-09-04,2009,56
5387,2020-06-28,4474,36
5389,2020-11-29,3967,46
5391,2020-03-30,3730,22
5393,2020-12-24,3293,51
5394,2020-06-07,3839,23
5395,2020-11-28,2775,57
5396,2020-07-29,3213,69
5399,2020-10-17,4587,53
5400,2020-12-09,4310,38
5402,2020-12-20,2217,63
5403,2020-09-20,4405,13
5404,2020-06-06,3915,36
5407,2020-07-05,4083,36
5408,2020-10-30,3114,36
5410,2020-06-08,2158,66
5417,2020-12-31,2131,23
5418,2020-05-26,4977,49
5420,2020-01-10,2136,23
5421,2020-11-10,2573,31
5422,2020-06-21,2386,36
5423,2020-02-20,2724,46
5424,2020-11-28,4181,17
5426,2020-03-24,4057,38
5429,2020-10-24,4317,22
5431,2020-08-16,4751,17
5432,2020-11-17,2725,28
5434,2020-12-30,1356,19
5437,2020-11-06,4633,20
5438,2020-06-06,1774,52
5441,2020-02-28,2280,69
5443,2020-10-29,2889,59
5444,2020-02-13,4704,62
5450,2020-08-26,1486,20
5452,2020-03-03,4993,12
5454,2020-09-06,2936,23
5457,2020-09-02,4965,62
5459,2020-02-21,4840,31
5460,2020-03-06,3767,16
5464,2020-06-25,3358,36
5466,2020-07-13,3164,57
5470,2020-05-08,1781,53
5472,2020-11-20,3155,13
5474,2020-11-16,4396,20
5476,2020-06-25,4563,69
5479,2020-12-28,3463,22
5482,2020-12-05,2149,17
5484,2020-11-13,2491,57
5487,2020-05-08,4850,37
5488,2020-11-30,3937,44
5489,2020-08-09,1080,36
5492,2020-02-26,4113,15
5493,2020-12-16,4052,11
5495,2020-05-02,2202,53
5496,2020-08-24,3239,44
5497,2020-04-12,1982,22
5504,2020-04-15,3687,15
5507,2020-11-15,1408,51
5509,2020-05-20,4009,39
5510,2020-03-03,3345,15
5511,2020-07-10,3834,51
5514,2020-01-02,4041,38
5515,2020-12-02,2848,56
5518,2020-03-17,2059,44
5519,2020-03-18,3923,46
5521,2020-04-28,1297,13
5524,2020-10-28,4423,57
5526,2020-04-16,4295,12
5527,2020-08-14,1206,51
5528,2020-08-04,4990,38
5530,2020-02-18,1374,12
5536,2020-04-30,1015,63
5539,2020-06-24,3158,49
5540,2020-09-26,3288,57
5541,2020-07-26,2722,51
5542,2020-05-08,4512,51
5543,2020-11-03,3607,16
5545,2020-10-10,3890,20
5546,2020-06-08,4674,12
5551,2020-10-22,2120,37
5553,2020-07-01,2442,19
5555,2020-05-25,1423,10
5558,2020-05-13,4597,22
5560,2020-05-04,2622,16
5562,2020-02-20,4481,19
5563,2020-04-16,3902,51
5567,2020-07-09,3564,56
5569,2020-05-07,1061,13
5570,2020-12-05,4536,36
5572,2020-11-23,4978,10
5573,2020-07-25,1372,38
5574,2020-05-17,2780,63
5576,2020-03-14,1160,69
5578,2020-06-30,4097,46
5582,2020-10-18,2623,10
5583,2020-09-15,3344,44
5585,2020-10-05,2844,13
5586,2020-07-15,2046,16
5587,2020-02-08,2523,62
5590,2020-09-15,4898,19
5591,2020-07-21,1666,46
5592,2020-12-29,3336,20
5593,2020-10-15,1368,36
5594,2020-09-24,4417,11
5595,2020-10-14,3140,57
5596,2020-05-06,3081,20
5599,2020-06-04,3013,28
5600,2020-12-12,3662,11
5602,2020-05-30,3000,59
5605,2020-04-18,1661,39
5606,2020-02-12,3297,66
5607,2020-06-09,3875,22
5608,2020-01-11,2929,49
5609,2020-12-12,1693,59
5610,2020-09-15,2536,57
5615,2020-05-30,4383,49
5616,2020-07-23,4676,19
5623,2020-06-10,3554,17
5626,2020-07-15,3268,10
5628,2020-11-09,1764,17
5629,2020-05-14,4477,15
5634,2020-02-25,1219,66
5636,2020-12-06,2233,51
5637,2020-04-22,3119,13
5638,2020-11-08,2866,38
5639,2020-10-25,2655,66
5640,2020-11-17,1961,44
5642,2020-01-20,3513,53
5644,2020-03-02,4546,51
5650,2020-08-06,4232,38
5654,2020-03-28,1329,12
5655,2020-01-18,2047,53
5656,2020-08-10,3104,52
5662,2020-06-04,1367,66
5664,2020-05-29,1265,53
5665,2020-06-14,3539,63
5666,2020-10-01,1770,66
5670,2020-01-29,4411,10
5674,2020-04-24,3794,20
5676,2020-02-11,1647,38
5677,2020-09-25,4249,15
5678,2020-11-02,4638,46
5679,2020-08-25,2656,63
5680,2020-03-29,1800,66
5681,2020-12-09,4951,46
5683,2020-06-23,3043,13
5686,2020-08-20,2434,46
5688,2020-11-04,1702,44
5689,2020-12-28,1918,37
5690,2020-06-15,3407,52
5692,2020-06-16,4897,23
5693,2020-11-09,3911,39
5696,2020-06-10,1455,46
5698,2020-04-07,4991,56
5700,2020-05-13,2503,63
5701,2020-02-02,1158,37
5703,2020-09-21,2402,12
5704,2020-09-28,4221,28
5705,2020-05-06,4691,53
5706,2020-05-24,2571,66
5708,2020-04-30,4300,44
5709,2020-06-12,4553,53
5710,2020-07-26,4064,56
5714,2020-12-31,2731,44
5715,2020-09-17,2014,16
5716,2020-12-10,1932,53
5717,2020-06-20,2829,63
5718,2020-01-28,1462,63
5719,2020-10-01,1141,23
5720,2020-05-11,3488,37
5724,2020-12-24,1860,37
5726,2020-07-31,2224,57
5729,2020-01-03,1597,53
5731,2020-01-21,4340,37
5733,2020-03-27,2129,49
5734,2020-05-06,1892,22
5735,2020-12-15,2717,52
5737,2020-08-26,2356,10
5739,2020-06-24,2805,38
5740,2020-05-06,3944,22
5741,2020-09-02,2602,38
5742,2020-09-02,3544,36
5745,2020-09-25,1173,23
5746,2020-01-16,3106,10
5748,2020-03-26,4825,39
5750,2020-10-27,1577,12
5754,2020-07-22,3188,59
5758,2020-11-10,1727,66
5766,2020-01-11,3477,57
5767,2020-07-23,3012,59
5768,2020-01-28,4881,37
5770,2020-02-08,2330,16
5773,2020-04-02,1619,16
5776,2020-12-10,4381,46
5777,2020-07-17,2338,39
5779,2020-01-20,2192,57
5780,2020-04-11,2737,19
5782,2020-10-10,3586,36
5785,2020-12-31,1645,20
5786,2020-01-07,1520,46
5787,2020-09-27,3408,16
5791,2020-11-21,2677,53
5792,2020-03-04,3398,59
5796,2020-11-15,2116,44
5799,2020-02-27,4490,20
5801,2020-07-06,4507,23
5802,2020-05-09,4368,44
5805,2020-07-31,3714,56
5806,2020-06-28,1077,22
5808,2020-05-09,3889,37
5809,2020-06-23,3846,53
5812,2020-08-24,4093,19
5813,2020-09-10,4163,52
5817,2020-11-19,1933,23
5818,2020-12-24,3165,15
5820,2020-11-23,4438,12
5823,2020-07-12,2961,39
5824,2020-11-21,4875,39
5827,2020-08-26,3809,37
5828,2020-04-03,3130,20
5829,2020-10-08,1137,44
5831,2020-05-04,4394,44
5834,2020-09-18,2262,13
5835,2020-05-08,3352,37
5838,2020-01-20,4206,46
5842,2020-06-05,4540,38
5843,2020-08-15,3304,20
5844,2020-06-02,2813,19
5845,2020-02-29,3619,12
5846,2020-06-04,4895,52
5848,2020-03-07,3095,57
5851,2020-09-28,4673,69
5852,2020-05-03,1429,13
5853,2020-09-27,3044,10
5854,2020-06-21,2976,23
5858,2020-08-14,4801,62
5860,2020-03-03,2035,69
5862,2020-11-10,2215,11
5865,2020-01-02,2943,49
5866,2020-03-24,2218,46
5867,2020-04-02,4900,16
5868,2020-01-06,1405,63
5871,2020-12-17,4749,49
5872,2020-11-03,4244,13
5874,2020-05-28,1638,12
5875,2020-10-13,4523,52
5880,2020-01-12,3759,38
5882,2020-12-03,3023,52
5885,2020-10-27,4276,51
5888,2020-08-23,4255,46
5891,2020-02-12,3349,12
5892,2020-12-24,1771,69
5893,2020-05-06,2038,66
5894,2020-09-05,3703,16
5895,2020-04-19,2993,12
5896,2020-11-30,2399,66
5897,2020-01-23,4084,66
5898,2020-07-01,4289,22
5899,2020-03-13,1198,36
5902,2020-09-13,2907,66
5904,2020-05-26,1476,49
5908,2020-01-26,4970,38
5909,2020-12-30,4422,28
5910,2020-07-13,3077,20
5912,2020-01-24,3900,63
5913,2020-09-09,1501,20
5919,2020-10-08,2279,12
5920,2020-06-21,2792,44
5921,2020-01-18,4360,12
5923,2020-10-31,2019,46
5927,2020-10-21,2331,62
5929,2020-04-30,4154,28
5933,2020-08-04,3521,62
5936,2020-04-17,1023,59
5938,2020-06-06,3476,38
5939,2020-02-20,2366,63
5941,2020-06-03,1759,57
5942,2020-08-20,2435,56
5943,2020-01-15,2962,44
5948,2020-06-08,3734,28
5949,2020-08-24,3831,19
5953,2020-10-30,3154,10
5955,2020-09-28,3507,37
5957,2020-05-12,2212,20
5959,2020-04-19,3046,62
5963,2020-12-03,3966,63
5964,2020-07-01,1966,49
5965,2020-07-27,4529,16
5966,2020-09-02,3228,36
5967,2020-11-21,4333,59
5968,2020-03-20,3175,49
5970,2020-08-12,1142,22
5973,2020-05-10,3084,11
5974,2020-01-06,3943,62
5975,2020-01-21,3410,44
5976,2020-01-13,2610,62
5981,2020-11-28,1251,62
5982,2020-01-28,4919,49
5983,2020-05-06,4162,69
5984,2020-06-11,4458,51
5985,2020-09-04,3719,22
5986,2020-01-22,3420,38
5987,2020-07-03,2511,63
5988,2020-06-22,1424,28
5989,2020-08-26,3992,46
5990,2020-03-24,3372,52
5991,2020-11-04,1742,51
5994,2020-01-14,4912,62
5995,2020-06-23,4636,20
5997,2020-01-06,1954,10
5999,2020-06-27,1478,16
6005,2020-04-27,2750,10
6006,2020-12-24,4007,62
6007,2020-09-19,3850,22
6008,2020-10-11,3498,17
6011,2020-01-02,1370,53
6012,2020-11-04,1477,37
6014,2020-03-13,3473,12
6015,2020-01-09,2167,63
6017,2020-05-01,4042,15
6018,2020-11-14,3065,13
6021,2020-04-06,2138,22
6026,2020-08-29,1073,13
6027,2020-04-06,2627,62
6028,2020-11-26,3315,52
6030,2020-10-07,4347,10
6032,2020-06-26,1230,44
6033,2020-08-02,2837,11
6037,2020-06-15,2881,39
6039,2020-08-16,2637,17
6040,2020-01-28,1920,16
6042,2020-11-08,4174,31
6045,2020-05-12,4709,12
6046,2020-02-02,3518,57
6047,2020-12-03,4997,16
6048,2020-08-10,3510,31
6049,2020-12-06,4506,57
6050,2020-02-10,1146,49
6051,2020-04-20,1404,57
6052,2020-05-09,3088,51
6054,2020-05-27,1579,59
6055,2020-07-02,3930,11
6056,2020-01-14,1522,36
6058,2020-04-14,1199,49
6059,2020-12-29,2785,39
6064,2020-11-10,4843,13
6067,2020-02-18,3484,69
6068,2020-06-11,2013,20
6069,2020-07-19,2091,63
6073,2020-02-11,2261,69
6074,2020-11-20,4510,69
6076,2020-05-14,4650,56
6077,2020-01-05,1987,37
6079,2020-04-11,1000,36
6082,2020-02-12,1794,10
6083,2020-04-10,3739,28
6088,2020-03-02,3523,63
6089,2020-09-01,2808,44
6090,2020-12-22,3221,44
6091,2020-08-04,2283,37
6092,2020-05-28,1831,69
6093,2020-08-31,4427,44
6095,2020-02-10,2122,51
6096,2020-03-30,4122,63
6097,2020-08-13,3732,17
6099,2020-08-29,2886,17
6101,2020-09-29,1594,57
6103,2020-08-06,1937,12
6110,2020-03-01,3093,56
6111,2020-12-08,2922,36
6112,2020-07-04,2195,62
6114,2020-02-27,4841,59
6119,2020-01-15,3500,28
6120,2020-11-11,2588,37
6121,2020-07-21,2070,19
6127,2020-02-17,1602,11
6130,2020-07-09,1532,38
6131,2020-10-29,4671,31
6132,2020-09-28,3337,28
6133,2020-08-10,1885,28
6137,2020-01-22,4046,36
6142,2020-09-30,2510,17
6143,2020-01-02,4008,66
6144,2020-12-14,4160,28
6150,2020-05-09,2646,23
6152,2020-09-18,3708,53
6157,2020-06-29,2111,59
6158,2020-09-19,4886,62
6159,2020-12-18,3399,38
6164,2020-06-03,4772,49
6167,2020-09-04,3811,37
6168,2020-05-17,2030,62
6169,2020-05-25,2148,63
6172,2020-11-04,2857,57
6175,2020-03-15,3481,13
6176,2020-10-20,4904,37
6178,2020-05-15,2284,13
6179,2020-11-17,3113,15
6182,2020-03-06,1232,49
6183,2020-07-11,3885,38
6187,2020-07-25,3913,23
6188,2020-03-19,4476,19
6190,2020-05-05,2480,17
6191,2020-11-23,1006,69
6193,2020-11-10,3047,13
6197,2020-04-23,1583,36
6199,2020-09-09,1383,66
6201,2020-06-21,2440,19
6202,2020-04-26,1493,53
6205,2020-09-26,2691,69
6206,2020-08-14,4486,11
6207,2020-02-07,3718,57
6208,2020-01-04,1842,16
6210,2020-05-11,2591,52
6211,2020-05-05,3584,11
6215,2020-02-16,4332,57
6217,2020-02-26,1687,23
6218,2020-10-31,1515,49
6220,2020-08-15,4713,44
6221,2020-05-29,3747,13
6225,2020-09-11,2574,66
6228,2020-11-11,4165,37
6229,2020-08-01,3775,38
6232,2020-11-10,3139,19
6234,2020-06-22,3934,52
6235,2020-11-07,2934,51
6237,2020-11-14,3546,53
6239,2020-08-19,3509,13
6241,2020-12-23,3994,20
6245,2020-10-08,4756,16
6246,2020-02-04,1929,49
6248,2020-01-07,4641,66
6249,2020-07-19,1307,17
6257,2020-12-18,1888,56
6261,2020-05-11,1878,13
6262,2020-08-23,3793,38
6263,2020-05-02,3790,69
6264,2020-04-27,1341,62
6265,2020-09-13,3604,37
6266,2020-08-15,1504,13
6267,2020-07-14,2664,66
6269,2020-05-16,2362,52
6271,2020-05-30,2992,63
6273,2020-04-12,1343,17
6274,2020-08-18,4239,53
6279,2020-08-08,1717,59
6281,2020-01-01,4721,38
6283,2020-09-29,4979,59
6284,2020-04-19,2619,20
6286,2020-03-28,3090,52
6287,2020-11-27,1690,19
6288,2020-01-30,2145,57
6289,2020-05-26,1284,39
6291,2020-02-20,2018,36
6292,2020-08-14,3533,15
6293,2020-09-05,1991,69
6294,2020-03-17,3882,31
6295,2020-03-01,4003,51
6296,2020-01-27,4316,44
6299,2020-03-25,2957,12
6300,2020-03-03,4358,36
6302,2020-07-02,2768,49
6303,2020-05-31,3516,57
6305,2020-11-24,4157,69
6309,2020-02-26,3986,11
6313,2020-07-20,3286,56
6316,2020-12-11,3799,52
6317,2020-10-23,2295,17
6319,2020-07-31,1563,13
6323,2020-05-12,3300,38
6324,2020-01-28,1930,52
6325,2020-04-26,3234,37
6327,2020-07-11,1624,62
6328,2020-06-16,2903,16
6329,2020-03-12,3263,49
6330,2020-09-17,3611,22
6334,2020-01-15,1107,51
6337,2020-06-08,3066,62
6338,2020-09-22,1178,52
6340,2020-03-28,3835,39
6344,2020-01-05,1358,12
6345,2020-06-28,4203,63
6346,2020-10-04,3669,69
6347,2020-03-13,1254,16
6348,2020-01-25,2482,36
6351,2020-12-08,4574,28
6352,2020-07-02,4621,57
6354,2020-06-09,2074,63
6356,2020-12-11,1616,62
6357,2020-01-23,4070,66
6360,2020-05-08,1164,28
6361,2020-09-17,1235,37
6368,2020-06-14,3278,51
6369,2020-05-13,2227,19
6371,2020-06-04,3217,46
6372,2020-12-02,2631,16
6373,2020-07-26,2350,62
6374,2020-10-19,1375,51
6375,2020-08-23,3419,69
6380,2020-09-22,3861,59
6383,2020-11-16,3618,23
6384,2020-08-14,3038,16
6385,2020-04-10,4578,15
6386,2020-02-23,4711,23
6392,2020-11-10,2649,38
6394,2020-04-25,4135,11
6395,2020-08-04,1649,59
6396,2020-12-13,2926,49
6397,2020-04-22,3538,62
6398,2020-04-30,4118,10
6399,2020-01-13,1276,28
6401,2020-12-11,3131,53
6405,2020-02-24,2721,49
6406,2020-07-09,4104,56
6408,2020-10-16,2048,28
6409,2020-10-01,1448,63
6410,2020-06-09,4644,16
6414,2020-02-14,2208,44
6420,2020-04-06,1950,46
6421,2020-06-11,4075,49
6425,2020-09-24,4257,17
6430,2020-10-30,2184,38
6434,2020-01-25,4010,51
6435,2020-06-29,2180,46
6437,2020-02-03,4395,11
6439,2020-03-05,4700,22
6441,2020-10-10,3006,49
6442,2020-05-02,4404,13
6444,2020-02-21,2213,15
6445,2020-11-17,1069,53
6447,2020-12-12,1167,23
6449,2020-01-25,1939,31
6452,2020-02-05,3541,53
6453,2020-01-14,3770,53
6454,2020-08-02,4911,28
6455,2020-10-26,1610,53
6456,2020-05-21,1392,63
6457,2020-08-12,3378,10
6460,2020-12-15,1552,49
6462,2020-07-28,2702,36
6463,2020-10-21,1224,63
6466,2020-05-06,2475,20
6467,2020-08-24,2561,49
6468,2020-04-14,4803,59
6469,2020-01-02,1218,38
6471,2020-12-19,4045,20
6472,2020-02-27,1825,10
6473,2020-08-12,1901,51
6475,2020-05-24,3989,56
6477,2020-10-26,1735,69
6479,2020-07-02,2727,59
6480,2020-08-07,4640,31
6483,2020-05-06,4361,51
6484,2020-08-02,1350,66
6487,2020-07-13,2676,17
6490,2020-12-07,1799,20
6491,2020-09-16,1348,36
6492,2020-11-28,3003,22
6494,2020-12-29,4086,46
6496,2020-03-22,3652,57
6497,2020-09-19,1848,16
6498,2020-03-20,3168,62
6500,2020-09-15,3069,44
6503,2020-09-13,2873,10
6506,2020-08-11,2625,20
6511,2020-01-20,1995,20
6513,2020-08-16,2152,31
6517,2020-10-01,4659,28
6522,2020-12-01,2723,49
6523,2020-05-05,1988,15
6524,2020-12-30,4994,46
6525,2020-08-28,3229,10
6528,2020-01-05,4899,52
6529,2020-01-03,4663,13
6530,2020-12-03,1725,38
6534,2020-09-22,2996,53
6535,2020-01-04,4530,28
6536,2020-10-07,2930,56
6537,2020-12-20,4235,44
6540,2020-04-15,4282,63
6541,2020-07-27,1465,23
6546,2020-07-08,2306,57
6547,2020-06-07,4531,53
6549,2020-03-06,2513,28
6550,2020-08-26,1159,63
6551,2020-08-17,3760,17
6555,2020-07-01,2028,46
6557,2020-09-03,2205,62
6558,2020-10-23,4318,63
6563,2020-02-21,3624,17
6564,2020-03-02,3552,44
6565,2020-07-08,1417,15
6567,2020-07-16,3319,11
6569,2020-09-29,3450,23
6570,2020-03-21,4164,28
6572,2020-10-13,1612,59
6573,2020-10-28,3373,36
6574,2020-09-15,3112,22
6575,2020-03-09,2659,69
6577,2020-06-28,3441,59
6578,2020-03-20,2923,46
6580,2020-06-18,2558,46
6586,2020-07-15,1376,22
6587,2020-04-30,4780,46
6588,2020-06-28,1440,69
6590,2020-03-30,2944,39
6593,2020-03-25,3134,31
6594,2020-02-27,3563,17
6595,2020-03-24,3515,16
6597,2020-10-08,1421,44
6601,2020-03-28,2697,17
6602,2020-08-03,1648,66
6604,2020-04-20,1175,22
6607,2020-08-20,4301,23
6610,2020-03-14,1217,13
6611,2020-05-07,3895,69
6613,2020-05-20,3768,59
6615,2020-12-28,2728,16
6617,2020-07-25,4973,23
6618,2020-01-16,1854,62
6619,2020-01-28,3594,28
6620,2020-08-17,1858,15
6622,2020-06-12,4814,66
6623,2020-03-13,2096,39
6625,2020-08-28,1585,23
6629,2020-07-11,3340,44
6630,2020-07-08,4831,59
6633,2020-07-16,3692,57
6636,2020-12-12,1004,31
6639,2020-03-22,1442,66
6643,2020-03-19,4743,49
6644,2020-09-13,2966,44
6647,2020-12-21,4759,31
6648,2020-12-27,2671,69
6650,2020-02-22,1022,49
6656,2020-12-28,2954,69
6657,2020-04-28,2949,22
6658,2020-03-14,1558,16
6661,2020-09-16,2894,44
6662,2020-07-26,1760,59
6663,2020-05-07,1099,59
6667,2020-04-13,2789,66
6668,2020-12-10,4509,12
6669,2020-05-12,3205,38
6671,2020-09-04,4845,69
6674,2020-08-15,2804,15
6678,2020-09-05,1475,51
6686,2020-09-15,3029,52
6689,2020-11-18,1593,59
6690,2020-03-18,3417,69
6695,2020-12-03,2499,11
6698,2020-04-25,3422,46
6699,2020-04-02,3784,59
6701,2020-11-07,2429,62
6703,2020-10-08,1347,51
6704,2020-05-31,2055,20
6709,2020-04-16,3133,57
6710,2020-05-25,4544,66
6712,2020-07-20,1908,46
6715,2020-09-12,3177,57
6717,2020-06-07,1261,44
6718,2020-12-20,1262,22
6719,2020-04-25,2101,51
6722,2020-11-29,2207,37
6725,2020-02-13,1807,46
6729,2020-12-14,2240,66
6730,2020-09-19,1556,49
6731,2020-10-18,2243,19
6733,2020-09-06,2641,37
6734,2020-05-05,3636,39
6736,2020-02-08,1005,12
6737,2020-04-26,3888,31
6738,2020-05-28,3022,22
6741,2020-06-10,3269,12
6743,2020-01-29,3658,12
6746,2020-04-08,2474,53
6748,2020-03-12,4878,52
6750,2020-01-08,1862,22
6751,2020-10-06,1889,28
6752,2020-05-19,3276,23
6755,2020-03-29,2920,17
6756,2020-10-22,3553,28
6757,2020-02-14,2476,10
6759,2020-03-06,3701,53
6760,2020-09-16,3852,44
6763,2020-06-30,1914,39
6764,2020-12-30,3843,36
6766,2020-08-10,2565,10
6767,2020-12-31,1623,46
6768,2020-02-12,2188,13
6770,2020-07-20,1993,56
6771,2020-12-30,2001,44
6773,2020-11-23,3101,36
6775,2020-08-01,3617,62
6776,2020-04-18,2336,44
6777,2020-05-28,3275,49
6778,2020-07-12,2426,51
6779,2020-04-20,4068,37
6783,2020-02-14,4365,51
6784,2020-08-19,1204,69
6786,2020-07-13,4116,53
6790,2020-04-18,1407,19
6791,2020-06-28,3018,20
6793,2020-01-18,2089,13
6795,2020-10-22,1722,20
6797,2020-08-24,3815,16
6798,2020-05-12,4643,31
6799,2020-12-07,2791,66
6800,2020-04-18,4027,19
6801,2020-08-23,3086,11
6804,2020-08-04,4285,39
6806,2020-11-22,1572,53
6807,2020-07-10,1357,39
6811,2020-10-06,4141,15
6814,2020-07-30,1985,11
6820,2020-02-29,2933,63
6821,2020-05-02,3190,59
6822,2020-02-13,4223,39
6825,2020-09-13,3388,63
6827,2020-01-23,2197,57
6828,2020-08-23,2739,63
6830,2020-12-08,3823,10
6831,2020-10-25,2441,36
6833,2020-02-22,1564,38
6834,2020-12-15,1064,66
6836,2020-05-11,2272,57
6837,2020-12-11,3646,23
6838,2020-05-12,1692,10
6839,2020-07-05,3761,15
6840,2020-01-05,1688,49
6842,2020-03-12,1580,39
6843,2020-09-04,1345,59
6844,2020-03-27,2121,37
6845,2020-09-15,1412,19
6847,2020-12-24,3627,20
6848,2020-08-13,2902,62
6850,2020-09-05,1138,38
6855,2020-08-04,4145,38
6856,2020-09-28,4526,23
6857,2020-10-31,1797,19
6861,2020-08-16,2318,22
6863,2020-07-08,3245,49
6864,2020-02-19,2811,38
6865,2020-01-29,1369,12
6868,2020-11-10,3433,13
6869,2020-11-16,3573,20
6870,2020-03-24,2783,16
6873,2020-08-20,4336,28
6876,2020-08-08,4140,36
6877,2020-06-10,2285,56
6878,2020-02-12,2417,37
6879,2020-10-12,2790,22
6880,2020-10-09,1989,38
6881,2020-09-25,2874,19
6883,2020-02-04,2998,46
6884,2020-09-08,2087,22
6887,2020-01-11,2577,66
6890,2020-07-15,1397,59
6894,2020-10-26,4793,46
6895,2020-06-26,3311,59
6896,2020-06-12,3258,46
6899,2020-05-24,4242,37
6900,2020-04-23,4452,46
6903,2020-10-19,2769,13
6907,2020-05-01,3005,46
6908,2020-09-18,4806,39
6910,2020-04-24,3274,49
6911,2020-08-03,1495,22
6912,2020-05-13,3676,13
6913,2020-11-15,1388,46
6914,2020-03-24,2834,39
6915,2020-10-12,4987,23
6919,2020-06-26,4376,16
6925,2020-03-20,3504,10
6929,2020-08-14,2405,28
6930,2020-04-23,2951,44
6933,2020-06-02,4283,57
6935,2020-08-19,2522,62
6936,2020-11-26,2177,19
6937,2020-10-03,1285,22
6939,2020-06-21,4770,13
6940,2020-04-03,1887,49
6942,2020-12-15,2112,16
6943,2020-08-21,3203,56
6945,2020-07-14,1863,53
6947,2020-06-22,4670,20
6949,2020-04-04,2428,37
6952,2020-10-28,3180,19
6957,2020-09-07,4261,37
6958,2020-07-15,4291,11
6964,2020-08-18,3466,31
6965,2020-10-28,1627,12
6969,2020-07-03,3741,66
6970,2020-08-14,1695,63
6975,2020-11-04,3391,56
6981,2020-11-23,4065,46
6983,2020-03-06,4463,20
6984,2020-09-16,4429,13
6986,2020-06-30,3638,46
6987,2020-05-22,4792,66
6988,2020-04-14,2241,19
6989,2020-08-01,2564,22
6992,2020-10-19,3865,62
6993,2020-10-05,1499,11
6998,2020-04-03,1200,15
6999,2020-04-21,1091,62
7005,2020-07-18,1943,59
7006,2020-01-21,1539,13
7009,2020-11-27,1663,36
7013,2020-07-10,2029,19
7014,2020-12-05,1288,10
7017,2020-05-07,2847,20
7019,2020-09-10,4656,44
7020,2020-11-18,1655,69
7021,2020-06-16,2643,56
7022,2020-07-09,3729,36
7023,2020-11-21,4954,52
7028,2020-09-05,2762,66
7029,2020-09-29,2361,12
7030,2020-04-07,1007,16
7031,2020-04-08,1287,52
7033,2020-10-25,4651,59
7034,2020-06-15,4190,15
7035,2020-10-30,2726,49
7037,2020-09-04,4938,46
7038,2020-12-06,1588,10
7039,2020-01-24,4731,57
7040,2020-10-05,2485,66
7042,2020-07-05,1898,44
7046,2020-04-21,4172,57
7047,2020-05-30,4896,36
7050,2020-06-07,4021,69
7053,2020-06-08,3645,69
7054,2020-08-20,3637,19
7055,2020-09-26,2109,46
7059,2020-03-02,2747,38
7060,2020-12-03,2400,39
7061,2020-10-06,4552,37
7062,2020-04-24,2183,63
7063,2020-02-27,1076,17
7065,2020-02-01,4241,11
7066,2020-01-02,1050,66
7069,2020-03-25,2799,53
7072,2020-03-31,1605,44
7074,2020-06-01,4219,23
7077,2020-08-27,3928,11
7079,2020-05-17,2211,11
7081,2020-03-06,4927,19
7083,2020-05-05,1715,22
7088,2020-04-25,4582,13
7089,2020-01-07,1012,37
7091,2020-12-18,3833,38
7093,2020-11-22,1364,62
7094,2020-01-30,4493,13
7095,2020-08-10,2352,66
7097,2020-04-22,3750,56
7100,2020-10-27,2970,49
7102,2020-11-24,2772,62
7105,2020-10-26,3384,17
7106,2020-04-03,4577,17
7108,2020-09-14,2632,31
7112,2020-12-13,4583,23
7113,2020-03-10,3689,46
7114,2020-07-06,3078,52
7115,2020-10-09,3842,16
7116,2020-05-09,3347,19
7119,2020-11-12,1451,19
7120,2020-07-25,1354,51
7122,2020-12-10,4252,49
7124,2020-12-22,4108,38
7127,2020-12-17,3844,62
7129,2020-02-23,4936,28
7130,2020-01-19,1973,66
7131,2020-07-21,4001,56
7132,2020-02-27,1445,69
7133,2020-11-14,1473,59
7134,2020-03-03,2064,39
7135,2020-09-11,4522,44
7136,2020-01-29,2898,63
7137,2020-05-06,2071,57
7138,2020-10-30,2706,69
7141,2020-09-01,3220,13
7144,2020-09-14,2778,37
7145,2020-11-14,2701,57
7147,2020-11-03,2626,36
7149,2020-01-05,4170,17
7151,2020-11-23,2354,13
7153,2020-02-11,3361,51
7154,2020-08-24,2383,13
7157,2020-09-08,1127,38
7158,2020-12-04,1884,12
7160,2020-12-30,1703,51
7161,2020-07-07,4362,46
7162,2020-12-16,2204,23
7164,2020-06-14,4865,36
7165,2020-01-01,1256,52
7167,2020-05-22,2542,23
7169,2020-04-15,1089,22
7170,2020-06-27,3438,63
7171,2020-09-29,4074,36
7172,2020-03-05,2735,63
7173,2020-12-14,4595,51
7174,2020-11-22,4769,56
7177,2020-02-10,1510,59
7178,2020-12-13,4612,39
7180,2020-08-16,4410,15
7182,2020-06-23,2163,23
7184,2020-05-09,4234,31
7186,2020-04-01,3860,59
7189,2020-06-03,4761,51
7194,2020-06-22,1900,39
7195,2020-02-15,3884,66
7198,2020-12-06,4059,52
7199,2020-11-15,1830,15
7203,2020-10-02,1642,15
7209,2020-07-20,1927,66
7210,2020-10-07,3277,23
7213,2020-11-26,1384,31
7214,2020-09-14,1459,19
7216,2020-06-08,3210,53
7218,2020-02-13,3857,23
7221,2020-08-16,1337,59
7222,2020-03-26,3334,63
7224,2020-01-29,2512,11
7228,2020-07-18,3726,56
7230,2020-12-25,3116,31
7233,2020-06-11,3962,69
7235,2020-06-10,1796,28
7238,2020-11-23,2506,63
7240,2020-09-02,1074,53
7242,2020-06-15,3765,10
7245,2020-06-12,3749,16
7246,2020-01-15,1179,46
7248,2020-12-01,2528,53
7250,2020-05-27,3710,52
7251,2020-05-28,4685,19
7252,2020-04-17,2663,46
7253,2020-08-17,2022,19
7254,2020-07-14,2672,63
7259,2020-12-27,2229,62
7261,2020-08-26,3514,39
7268,2020-09-09,2599,52
7273,2020-12-27,1018,49
7274,2020-10-15,1834,44
7275,2020-08-24,2151,52
7276,2020-09-15,4208,66
7277,2020-07-11,3720,11
7280,2020-01-13,2541,15
7281,2020-03-11,4599,16
7283,2020-01-04,3326,15
7284,2020-12-23,2409,13
7285,2020-12-10,3571,12
7286,2020-10-14,1216,11
7287,2020-11-19,4939,56
7290,2020-10-16,4836,63
7291,2020-09-15,4213,10
7293,2020-04-24,4520,49
7295,2020-11-07,2044,20
7298,2020-06-23,2956,39
7299,2020-02-24,3362,59
7300,2020-09-17,3757,38
7301,2020-12-30,2420,69
7302,2020-04-02,4697,11
7303,2020-11-24,2011,46
7304,2020-02-12,4672,59
7306,2020-05-05,1140,49
7308,2020-07-08,4872,28
7311,2020-08-28,3723,22
7313,2020-01-06,4205,56
7314,2020-09-10,4518,38
7316,2020-07-29,4921,69
7319,2020-09-16,1938,11
7323,2020-01-25,2427,17
7325,2020-05-06,3570,57
7327,2020-10-14,4326,20
7329,2020-07-23,3903,52
7331,2020-01-05,4754,39
7332,2020-11-26,4613,51
7334,2020-04-03,2034,22
7335,2020-12-12,3222,38
7338,2020-11-20,3595,19
7339,2020-03-10,4842,31
7340,2020-03-19,4652,36
7341,2020-09-27,1416,31
7343,2020-02-29,2317,49
7344,2020-10-08,3430,15
7345,2020-01-24,4109,44
7346,2020-03-31,3320,22
7349,2020-04-22,1803,15
7350,2020-07-10,1632,44
7353,2020-07-18,4263,63
7354,2020-06-11,3216,52
7355,2020-02-15,3736,22
7359,2020-05-11,4220,22
7366,2020-10-03,1181,31
7368,2020-02-02,2153,11
7369,2020-10-22,3195,51
7370,2020-08-02,2140,15
7371,2020-11-05,4980,12
7374,2020-11-11,3522,38
7376,2020-07-10,2316,44
7377,2020-01-28,1271,52
7380,2020-03-02,2514,66
7382,2020-09-28,4307,31
7385,2020-02-16,3147,31
7387,2020-09-19,2987,57
7388,2020-04-02,3076,22
7390,2020-07-18,4995,12
7392,2020-11-23,2346,12
7396,2020-06-15,2774,17
7400,2020-03-05,3403,10
7401,2020-01-14,3064,56
7402,2020-04-07,2585,38
7406,2020-10-09,4525,62
7407,2020-12-08,3244,52
7408,2020-08-26,1968,22
7410,2020-02-25,2031,16
7411,2020-11-15,1665,49
7412,2020-06-24,1373,49
7415,2020-01-24,1257,12
7416,2020-03-31,3264,39
7417,2020-10-27,1309,63
7418,2020-03-20,4243,49
7420,2020-03-19,1798,69
7421,2020-03-24,4715,56
7423,2020-06-05,3920,49
7424,2020-05-31,2060,17
7428,2020-09-10,1763,44
7430,2020-07-05,2635,66
7432,2020-11-17,3170,63
7436,2020-05-07,1165,56
7439,2020-12-18,3017,36
7441,2020-11-03,1268,22
7443,2020-10-07,4324,51
7444,2020-07-28,1400,13
7447,2020-11-03,2909,22
7448,2020-05-28,1334,69
7450,2020-08-31,2065,49
7451,2020-11-18,4325,13
7454,2020-01-29,1591,37
7455,2020-05-20,1761,36
7457,2020-03-26,3475,20
7461,2020-08-08,4635,38
7462,2020-06-18,4718,56
7463,2020-07-22,1981,16
7464,2020-05-26,3350,10
7465,2020-08-03,4294,38
7469,2020-03-01,1867,38
7472,2020-07-28,1744,23
7473,2020-04-27,4602,39
7474,2020-11-03,2144,12
7475,2020-08-21,4543,66
7478,2020-01-14,4548,17
7481,2020-02-04,3002,44
7482,2020-10-21,4040,37
7484,2020-09-12,3285,53
7487,2020-03-28,1458,22
7488,2020-07-12,1195,66
7493,2020-04-25,2132,38
7494,2020-11-02,3654,16
7497,2020-08-09,3393,11
7500,2020-01-24,4375,56
7502,2020-09-04,4906,56
7503,2020-03-18,2042,69
7506,2020-09-05,1409,52
7508,2020-03-25,4226,49
7509,2020-11-12,1191,19
7510,2020-11-18,1571,19
7513,2020-12-22,1434,57
7514,2020-01-10,4290,44
7516,2020-03-30,4832,36
7519,2020-05-12,3733,23
7522,2020-03-25,1679,51
7524,2020-08-08,1994,66
7527,2020-11-22,3608,20
7531,2020-09-26,3935,57
7532,2020-07-03,1895,59
7537,2020-05-11,2393,44
7540,2020-06-23,2092,22
7543,2020-01-16,4487,36
7544,2020-01-06,4624,49
7546,2020-06-04,3097,22
7552,2020-03-10,2833,69
7553,2020-06-04,1280,28
7556,2020-07-07,1809,22
7559,2020-07-06,2770,22
7560,2020-01-31,2464,37
7562,2020-05-29,2687,56
7563,2020-06-02,3702,38
7564,2020-03-19,4253,53
7566,2020-06-02,4470,28
7568,2020-10-08,4473,59
7569,2020-10-14,3953,37
7570,2020-10-22,2991,13
7573,2020-12-19,2809,46
7576,2020-03-02,4837,56
7578,2020-07-11,4387,46
7582,2020-10-09,1391,63
7583,2020-02-07,3238,16
7587,2020-09-03,2068,31
7589,2020-03-04,3837,17
7590,2020-03-11,1263,66
7591,2020-11-23,1757,57
7596,2020-05-11,3189,17
7598,2020-08-20,1536,10
7599,2020-09-19,4018,69
7601,2020-03-03,2704,19
7603,2020-04-03,4461,49
7604,2020-10-01,2422,31
7605,2020-09-17,1482,52
7606,2020-05-07,4581,19
7610,2020-01-22,2147,49
7612,2020-12-14,1518,39
7613,2020-06-06,2653,53
7614,2020-05-19,2032,69
7616,2020-08-06,2376,11
7617,2020-01-19,3592,28
7625,2020-11-27,3009,63
7626,2020-02-28,1112,63
7627,2020-08-16,4572,53
7632,2020-12-24,4873,69
7633,2020-06-19,2989,39
7634,2020-08-07,3185,17
7637,2020-11-09,2142,15
7638,2020-08-02,1030,63
7640,2020-10-26,4958,52
7644,2020-09-22,4874,44
7645,2020-02-27,2556,10
7646,2020-01-08,4450,38
7649,2020-04-14,4893,22
7650,2020-03-12,2683,37
7651,2020-08-14,2742,28
7652,2020-03-21,1792,56
7653,2020-12-06,1511,39
7654,2020-04-21,4060,11
7656,2020-12-11,4521,20
7658,2020-07-26,1586,36
7661,2020-08-02,1024,22
7662,2020-06-11,3283,59
7664,2020-12-24,4963,57
7666,2020-03-07,2472,16
7667,2020-06-28,4953,28
7668,2020-04-02,1974,19
7669,2020-08-27,2179,39
7670,2020-08-15,2355,62
7672,2020-09-16,2875,66
7673,2020-12-22,3380,16
7674,2020-04-08,2169,23
7675,2020-04-24,4698,53
7677,2020-06-01,3120,59
7678,2020-07-09,4482,51
7680,2020-08-16,1545,69
7682,2020-09-25,2301,12
7685,2020-04-21,3622,19
7688,2020-05-14,4783,22
7689,2020-04-07,3808,13
7694,2020-10-06,4259,36
7699,2020-09-19,3688,56
7701,2020-12-20,3024,12
7704,2020-09-17,4323,69
7706,2020-01-16,1202,22
7711,2020-05-02,2517,37
7713,2020-08-12,2319,19
7718,2020-07-17,4275,51
7719,2020-05-27,3056,17
7720,2020-07-31,1083,57
7721,2020-06-09,1011,53
7723,2020-01-28,3706,69
7725,2020-06-08,4096,31
7727,2020-01-23,4446,62
7730,2020-05-16,3312,56
7731,2020-06-16,2408,12
7732,2020-11-19,2343,52
7734,2020-01-26,4415,52
7735,2020-06-26,1526,59
7736,2020-10-30,3083,36
7737,2020-08-28,1677,46
7739,2020-10-13,4863,57
7740,2020-07-08,2754,52
7741,2020-04-13,3136,37
7742,2020-04-13,4194,56
7743,2020-03-23,4692,56
7749,2020-12-08,3818,37
7750,2020-02-03,4363,62
7751,2020-05-09,3970,69
7754,2020-07-28,3250,52
7755,2020-07-21,3721,52
7757,2020-04-17,4173,53
7761,2020-05-20,1684,38
7762,2020-10-24,2868,22
7764,2020-03-13,1331,62
7767,2020-01-13,4974,44
7772,2020-09-02,1590,22
7773,2020-08-31,1818,69
7775,2020-10-16,1188,17
7776,2020-02-28,4969,56
7779,2020-03-02,4719,46
7782,2020-05-29,4813,56
7786,2020-10-24,1452,46
7788,2020-01-20,3501,17
7790,2020-11-09,1123,16
7791,2020-08-26,4817,59
7792,2020-01-24,1021,10
7796,2020-12-08,2516,53
7798,2020-05-04,1828,66
7800,2020-03-02,2613,20
7802,2020-09-28,3772,37
7805,2020-04-26,3157,46
7808,2020-12-20,2396,38
7810,2020-07-02,1584,31
7811,2020-10-04,1403,12
7812,2020-11-23,3946,62
7814,2020-04-29,4535,52
7816,2020-02-23,1239,53
7818,2020-12-24,4533,36
7819,2020-12-20,2384,69
7821,2020-09-14,4826,66
7822,2020-07-25,1947,12
7823,2020-01-21,2802,20
7825,2020-08-22,2176,62
7826,2020-03-05,2315,52
7828,2020-03-21,1576,49
7831,2020-01-16,4475,23
7832,2020-02-20,3272,19
7836,2020-03-08,4079,10
7840,2020-10-10,2287,51
7842,2020-11-10,1746,13
7844,2020-08-19,4500,28
7847,2020-11-18,1857,10
7852,2020-12-08,2843,20
7855,2020-06-22,1487,57
7856,2020-10-20,2449,49
7857,2020-01-21,1524,39
7858,2020-10-06,4668,62
7859,2020-10-29,4484,69
7863,2020-01-14,1897,16
7864,2020-05-08,1339,20
7868,2020-10-02,1362,38
7869,2020-08-28,4017,23
7871,2020-08-20,2801,59
7873,2020-04-26,1739,59
7876,2020-03-04,3497,17
7877,2020-07-18,2521,19
7879,2020-01-17,1708,12
7881,2020-08-25,3458,28
7882,2020-03-02,4755,11
7883,2020-10-18,4020,10
7884,2020-02-03,3198,16
7886,2020-09-16,3452,39
7889,2020-10-19,3717,38
7890,2020-08-16,1096,22
7891,2020-05-20,4091,66
7896,2020-11-13,3028,52
7897,2020-02-10,2237,52
7900,2020-06-28,4100,11
7901,2020-07-01,3800,10
7903,2020-12-30,4812,31
7913,2020-11-17,1498,49
7914,2020-05-18,4637,19
7916,2020-12-07,3528,10
7919,2020-07-11,3111,31
7920,2020-12-31,4952,36
7921,2020-02-26,2982,17
7922,2020-03-20,1174,56
7924,2020-08-31,1733,59
7925,2020-01-19,2004,53
7926,2020-03-14,2471,31
7928,2020-11-09,3302,31
7932,2020-09-16,3568,23
7933,2020-07-16,1255,39
7935,2020-02-08,3830,36
7936,2020-12-08,3577,53
7937,2020-11-24,1864,13
7939,2020-12-10,3318,11
7940,2020-08-09,4187,62
7942,2020-01-11,3858,39
7943,2020-09-25,3007,63
7947,2020-06-09,3582,53
7948,2020-06-06,1414,17
7952,2020-04-17,2830,23
7953,2020-07-04,1503,31
7958,2020-09-05,2370,10
7959,2020-06-05,1660,17
7960,2020-10-02,2700,51
7961,2020-05-28,1088,22
7962,2020-10-08,1620,38
7963,2020-02-05,1183,51
7965,2020-12-17,3656,52
7966,2020-02-16,2415,56
7967,2020-02-19,2020,11
7968,2020-07-29,3225,69
7971,2020-05-10,1481,11
7972,2020-10-24,2859,53
7973,2020-08-16,4648,23
7974,2020-12-06,2487,63
7977,2020-08-08,1718,20
7983,2020-02-25,3123,31
7986,2020-04-07,1508,56
7987,2020-10-18,4627,28
7990,2020-06-28,1299,31
7993,2020-08-19,4823,12
7996,2020-02-07,1292,52
7999,2020-02-03,2884,11
8001,2020-05-08,1338,10
8004,2020-04-08,4204,10
8007,2020-02-18,1869,63
8008,2020-08-07,2630,37
8016,2020-05-03,2108,36
8017,2020-09-25,2607,22
8019,2020-05-21,4156,16
8021,2020-08-02,1883,10
8022,2020-11-26,3233,39
8025,2020-10-03,1062,10
8026,2020-11-05,2342,63
8028,2020-03-08,2448,12
8031,2020-08-03,4573,57
8034,2020-09-19,2877,19
8035,2020-05-22,3979,20
8037,2020-07-10,1488,36
8039,2020-08-22,3871,63
8041,2020-10-18,3548,10
8042,2020-03-25,1784,13
8043,2020-04-02,4596,52
8044,2020-12-29,4923,52
8045,2020-01-07,1801,59
8046,2020-02-03,3567,46
8051,2020-11-21,1826,69
8053,2020-12-14,1464,49
8054,2020-08-24,3982,46
8056,2020-05-08,4273,69
8057,2020-01-31,3479,49
8058,2020-10-02,2690,16
8061,2020-07-28,3493,37
8065,2020-04-24,3579,10
8066,2020-06-08,3963,52
8067,2020-01-02,1587,46
8070,2020-10-07,1859,23
8076,2020-03-10,3985,28
8080,2020-01-19,1641,53
8081,2020-08-27,3080,37
8086,2020-02-29,4570,59
8087,2020-01-08,4556,19
8089,2020-11-08,2601,38
8091,2020-06-15,2198,36
8099,2020-06-09,1707,37
8103,2020-03-15,4349,69
8105,2020-10-15,3585,10
8106,2020-12-01,2891,10
8107,2020-04-10,3169,37
8113,2020-05-12,4193,53
8114,2020-02-28,3639,69
8116,2020-08-18,1474,57
8121,2020-01-09,2457,39
8122,2020-01-05,2572,56
8123,2020-01-24,1517,53
8124,2020-04-22,1891,63
8125,2020-08-26,1944,28
8132,2020-04-07,4067,52
8133,2020-07-18,4724,52
8134,2020-10-21,3424,20
8135,2020-08-22,2999,39
8136,2020-06-13,2647,49
8137,2020-03-13,3039,52
8138,2020-08-11,1437,11
8139,2020-11-28,3026,11
8141,2020-10-23,3447,13
8142,2020-06-02,3367,39
8143,2020-09-05,4080,19
8145,2020-05-27,1540,63
8146,2020-12-30,4933,49
8147,2020-12-25,1732,49
8148,2020-02-06,2007,69
8149,2020-03-09,3313,52
8150,2020-09-14,1316,17
8152,2020-08-12,4199,63
8153,2020-02-11,4664,28
8154,2020-09-07,1751,53
8155,2020-06-18,2005,38
8158,2020-10-23,4767,11
8159,2020-06-19,2404,39
8161,2020-04-03,2146,11
8163,2020-07-19,1785,37
8165,2020-11-27,1724,53
8168,2020-01-02,1135,10
8171,2020-09-20,3159,28
8174,2020-03-24,3502,12
8176,2020-09-28,1310,49
8178,2020-03-06,1562,17
8180,2020-09-24,1203,11
8182,2020-02-29,1225,13
8183,2020-11-04,1997,15
8184,2020-04-17,4776,36
8187,2020-03-05,1231,66
8188,2020-12-22,2670,23
8189,2020-08-18,2201,69
8190,2020-11-08,3457,62
8191,2020-05-19,4356,52
8196,2020-03-15,2803,44
8197,2020-05-13,2639,59
8199,2020-03-10,3803,52
8200,2020-07-15,2983,52
8206,2020-11-14,3267,69
8208,2020-05-13,4649,44
8210,2020-01-10,3092,37
8211,2020-10-16,1957,37
8213,2020-10-13,2344,23
8214,2020-05-17,1936,20
8216,2020-08-13,1047,36
8218,2020-03-03,3055,11
8221,2020-07-14,3593,52
8222,2020-03-14,4143,28
8223,2020-03-17,1463,10
8229,2020-06-18,2309,56
8231,2020-10-07,3973,31
8232,2020-12-22,2887,37
8235,2020-08-12,4716,15
8237,2020-10-12,1330,16
8242,2020-11-19,1315,49
8245,2020-07-25,2043,46
8246,2020-10-27,3409,38
8248,2020-01-09,3805,66
8250,2020-10-09,3817,15
8251,2020-10-26,3480,20
8252,2020-02-24,2980,16
8255,2020-02-03,1120,11
8257,2020-08-28,4746,23
8259,2020-10-19,2452,63
8261,2020-11-30,1872,38
8264,2020-06-27,2496,37
8265,2020-03-12,1104,12
8268,2020-03-24,3291,37
8270,2020-04-06,2544,10
8271,2020-02-07,2935,16
8273,2020-12-15,2568,46
8275,2020-09-14,3148,10
8276,2020-11-09,4503,11
8277,2020-01-12,1036,53
8279,2020-02-19,2056,53
8282,2020-01-14,4714,38
8284,2020-09-22,3580,19
8289,2020-03-19,2445,16
8290,2020-06-23,3952,57
8292,2020-10-02,2397,69
8293,2020-12-30,4035,16
8294,2020-09-13,1523,37
8297,2020-05-26,1122,69
8298,2020-01-24,1783,52
8299,2020-01-05,4335,31
8303,2020-09-19,4809,12
8305,2020-06-23,2298,69
8306,2020-04-04,4139,46
8307,2020-11-24,1318,31
8309,2020-01-28,2945,44
8311,2020-09-01,3019,69
8313,2020-01-28,4331,37
8316,2020-07-04,1516,46
8317,2020-08-15,1538,63
8319,2020-08-25,3894,56
8321,2020-06-10,4419,39
8324,2020-01-24,2941,12
8326,2020-05-20,2818,51
8331,2020-05-15,2391,37
8332,2020-05-31,1917,46
8334,2020-05-08,3655,23
8335,2020-12-14,3801,56
8337,2020-12-26,2347,22
8340,2020-01-04,2595,52
8342,2020-09-24,4047,20
8343,2020-06-19,1729,36
8344,2020-10-12,1430,51
8345,2020-09-09,3641,39
8346,2020-03-25,4758,52
8347,2020-08-01,2654,13
8348,2020-11-21,3505,66
8351,2020-04-26,2124,56
8356,2020-06-23,4555,13
8357,2020-03-19,3609,59
8358,2020-02-11,2373,38
8363,2020-05-13,2314,22
8367,2020-05-04,4056,52
8368,2020-10-18,3365,46
8374,2020-11-22,4225,22
8375,2020-07-29,1551,19
8377,2020-05-28,3742,51
8380,2020-03-23,3115,15
8383,2020-09-16,3173,46
8384,2020-04-24,2869,28
8385,2020-12-25,2814,52
8386,2020-03-25,4034,39
8387,2020-05-23,4077,57
8390,2020-09-21,1355,15
8391,2020-03-31,4611,44
8393,2020-01-28,1192,62
8395,2020-05-04,3957,31
8398,2020-06-26,1378,23
8400,2020-05-04,3899,15
8401,2020-05-05,1046,36
8402,2020-12-07,1306,31
8405,2020-03-03,4753,38
8406,2020-03-10,4712,56
8409,2020-02-12,1342,52
8410,2020-07-03,3933,20
8413,2020-08-18,1669,44
8414,2020-01-23,4794,19
8416,2020-12-05,4760,13
8417,2020-10-29,4432,17
8421,2020-07-24,3357,66
8422,2020-06-20,3649,57
8427,2020-04-25,4345,66
8428,2020-01-05,1667,17
8431,2020-01-13,1057,19
8432,2020-09-16,1063,56
8433,2020-10-15,2277,52
8436,2020-02-13,3316,57
8438,2020-03-11,1822,44
8441,2020-06-01,2228,59
8442,2020-12-12,3273,53
8443,2020-08-31,4133,10
8444,2020-06-04,3956,13
8445,2020-12-31,1972,39
8447,2020-08-20,2882,57
8451,2020-12-22,3298,11
8454,2020-08-14,3704,23
8456,2020-02-08,1768,69
8457,2020-08-14,2036,56
8458,2020-08-30,1550,38
8460,2020-02-28,2694,38
8462,2020-08-15,4504,31
8463,2020-09-18,3219,17
8464,2020-01-04,2270,28
8466,2020-02-21,2570,11
8467,2020-11-29,4095,46
8468,2020-02-19,2460,51
8469,2020-10-03,1958,10
8470,2020-10-26,3954,23
8471,2020-12-07,4902,13
8474,2020-08-04,3156,39
8475,2020-04-18,1507,46
8477,2020-06-07,2378,36
8480,2020-09-17,1327,56
8481,2020-09-16,3058,57
8483,2020-08-30,1132,57
8484,2020-03-24,1845,10
8485,2020-08-15,4099,46
8487,2020-09-09,4854,37
8489,2020-10-09,4393,37
8492,2020-04-17,3651,69
8496,2020-03-10,4256,13
8500,2020-10-25,4279,44
8502,2020-08-14,2364,52
8503,2020-09-30,2885,38
8505,2020-10-23,3196,12
8507,2020-05-13,4851,19
8509,2020-11-29,2323,51
8510,2020-02-06,3640,59
8511,2020-11-18,1658,10
8512,2020-10-27,2850,66
8516,2020-03-01,4984,19
8517,2020-12-20,3727,31
8520,2020-12-09,4342,10
8522,2020-01-28,2110,16
8523,2020-03-17,3478,22
8524,2020-06-18,4000,49
8527,2020-08-14,2033,28
8528,2020-06-27,4737,57
8530,2020-01-21,3971,57
8533,2020-10-24,3814,22
8535,2020-06-18,1270,57
8537,2020-05-09,3866,11
8538,2020-04-25,2049,52
8541,2020-09-26,2461,17
8542,2020-11-16,3328,57
8543,2020-12-10,3105,28
8545,2020-02-29,3472,49
8546,2020-09-19,3299,57
8549,2020-10-03,1349,39
8550,2020-07-04,2107,52
8551,2020-10-22,4246,38
8554,2020-12-30,3836,63
8555,2020-06-27,2567,19
8556,2020-05-06,4629,23
8558,2020-09-26,1680,53
8559,2020-12-30,2466,53
8561,2020-08-13,4771,66
8562,2020-01-15,3883,69
8563,2020-01-26,1279,19
8564,2020-04-29,2786,10
8568,2020-03-01,2784,22
8569,2020-02-05,4054,23
8573,2020-03-08,2817,17
8576,2020-08-29,4598,38
8577,2020-09-11,1169,46
8579,2020-10-19,2836,49
8584,2020-11-26,4622,39
8587,2020-10-29,2524,10
8588,2020-07-14,4392,57
8590,2020-07-06,4889,49
8591,2020-10-12,2861,12
8592,2020-01-17,1866,44
8596,2020-03-21,1489,36
8597,2020-04-10,3016,28
8604,2020-12-10,1721,52
8609,2020-09-02,3670,10
8610,2020-10-06,1155,44
8611,2020-02-01,1072,52
8614,2020-05-02,1903,53
8615,2020-04-13,3589,62
8616,2020-04-22,3977,37
8618,2020-08-31,1171,44
8619,2020-06-22,1324,12
8625,2020-04-29,1755,19
8627,2020-11-15,1439,28
8632,2020-02-18,4212,53
8634,2020-08-16,4820,59
8636,2020-09-23,4168,28
8637,2020-04-16,4745,31
8640,2020-05-07,4169,28
8641,2020-04-07,2716,44
8642,2020-02-08,2274,22
8645,2020-01-15,1804,37
8646,2020-10-30,4600,37
8647,2020-08-30,1079,37
8652,2020-02-21,4147,69
8653,2020-07-15,3151,66
8656,2020-12-20,4306,69
8657,2020-09-06,4722,66
8659,2020-01-22,1447,19
8662,2020-11-26,4547,20
8666,2020-03-03,2173,53
8669,2020-02-17,3657,56
8676,2020-10-17,4606,12
8678,2020-02-04,1399,56
8682,2020-09-02,1302,19
8688,2020-12-06,2418,28
8689,2020-01-06,4729,15
8691,2020-03-27,4231,49
8694,2020-06-01,3990,31
8700,2020-06-25,1108,53
8701,2020-03-16,1205,19
8702,2020-01-23,4090,10
8703,2020-05-07,3374,36
8707,2020-03-26,3647,20
8708,2020-02-12,2705,62
8711,2020-03-25,3183,22
8713,2020-07-27,2838,38
8714,2020-07-29,3566,62
8716,2020-10-07,4377,17
8718,2020-11-25,4855,62
8720,2020-07-11,3396,31
8721,2020-07-15,1032,46
8723,2020-08-31,3628,56
8725,2020-01-19,3575,12
8729,2020-05-14,4829,15
8730,2020-07-29,3598,11
8731,2020-05-22,1398,53
8732,2020-09-17,3781,13
8733,2020-05-07,3072,51
8734,2020-12-01,2260,37
8738,2020-09-19,4196,59
8740,2020-03-03,2199,22
8742,2020-12-06,2680,49
8745,2020-07-23,2078,15
8746,2020-12-15,4584,13
8748,2020-10-10,2117,49
8749,2020-10-10,3626,44
8750,2020-11-21,1060,69
8754,2020-11-18,2614,15
8755,2020-12-13,1009,22
8757,2020-01-15,3678,63
8758,2020-10-13,4513,10
8759,2020-08-21,3961,22
8761,2020-12-04,1736,12
8764,2020-11-23,2616,23
8766,2020-12-13,4918,23
8767,2020-10-25,3496,63
8768,2020-10-17,2385,51
8769,2020-12-12,1003,15
8770,2020-09-22,2675,20
8771,2020-01-24,4101,62
8772,2020-07-23,3671,38
8774,2020-12-30,4551,19
8776,2020-04-01,4399,23
8777,2020-03-25,3255,36
8782,2020-05-02,1281,15
8787,2020-09-08,4364,51
8788,2020-09-10,3679,49
8789,2020-12-09,4937,62
8791,2020-01-20,4764,11
8792,2020-06-13,3826,46
8793,2020-04-17,2209,36
8797,2020-10-29,4397,49
8798,2020-10-03,3461,12
8799,2020-01-21,2628,69
8801,2020-07-18,2858,62
8804,2020-01-23,2745,17
8805,2020-05-12,1497,37
8806,2020-08-12,1689,28
8807,2020-06-16,2642,11
8812,2020-06-26,3138,38
8816,2020-03-20,3359,20
8822,2020-09-17,4132,36
8823,2020-01-17,2372,20
8825,2020-01-02,1896,36
8827,2020-11-21,4055,52
8828,2020-12-20,1028,22
8829,2020-03-27,1712,52
8831,2020-02-21,1999,12
8836,2020-02-26,3411,36
8841,2020-11-29,3898,16
8842,2020-11-16,1750,63
8844,2020-07-11,3342,20
8846,2020-11-25,3404,63
8851,2020-09-30,4127,10
8853,2020-08-10,3129,44
8855,2020-08-31,3812,53
8859,2020-03-04,1553,51
8860,2020-05-02,4870,56
8861,2020-04-23,2265,38
8862,2020-05-26,1381,49
8863,2020-05-13,2351,39
8865,2020-05-13,1233,23
8866,2020-12-13,4857,53
8867,2020-05-13,1044,15
8868,2020-07-21,4218,52
8869,2020-12-30,4085,13
8870,2020-10-27,2230,44
8873,2020-11-24,1737,51
8876,2020-11-15,3870,37
8877,2020-05-15,2325,52
8879,2020-08-14,2349,57
8882,2020-11-09,3705,69
8883,2020-10-21,2012,36
8884,2020-02-04,4136,15
8885,2020-05-14,4996,16
8890,2020-10-10,1323,19
8892,2020-09-26,3331,22
8894,2020-12-04,2431,28
8895,2020-10-27,3455,37
8897,2020-03-29,2310,51
8902,2020-07-02,2578,37
8905,2020-08-15,3126,56
8907,2020-09-05,3551,69
8909,2020-01-10,4846,46
8910,2020-12-02,2406,57
8911,2020-02-11,4940,44
8913,2020-09-17,3369,22
8917,2020-02-25,4791,51
8918,2020-07-16,1319,10
8919,2020-02-14,2968,44
8920,2020-12-27,2239,52
8921,2020-04-22,3281,39
8922,2020-05-03,3199,19
8923,2020-06-08,3499,52
8927,2020-11-02,1945,63
8928,2020-06-09,4604,53
8933,2020-09-23,1351,37
8937,2020-05-12,1092,37
8942,2020-06-23,1710,57
8943,2020-03-06,3724,53
8944,2020-03-07,2615,10
8945,2020-04-12,2154,69
8946,2020-06-20,4158,66
8948,2020-12-24,2157,16
8949,2020-03-09,1103,16
8950,2020-10-12,2840,53
8953,2020-06-15,4373,23
8954,2020-04-28,1385,63
8956,2020-02-01,1776,56
8959,2020-10-14,3425,44
8960,2020-12-02,4920,62
8961,2020-04-06,3907,20
8963,2020-02-24,2853,20
8964,2020-11-11,1935,46
8965,2020-11-21,3905,38
8966,2020-01-30,2553,51
8968,2020-09-25,3059,10
8969,2020-05-21,1951,31
8970,2020-05-19,4580,39
8973,2020-06-27,2398,13
8974,2020-12-31,3969,53
8976,2020-09-04,2684,17
8979,2020-03-11,2856,16
8980,2020-10-24,1045,52
8981,2020-10-21,3186,12
8983,2020-12-15,1519,16
8985,2020-08-28,2823,46
8986,2020-01-21,4451,46
8987,2020-01-01,3574,37
8989,2020-09-24,1984,36
8991,2020-04-06,3149,46
8993,2020-10-14,4106,44
8994,2020-04-23,2127,51
8996,2020-06-26,3162,49
8999,2020-12-18,4561,59
